name,company_name,price,stock,sku,category,description
1011-026-0205,信都数字科技（上海）有限公司,1.47804,22,NEW-CONN-09010556-7EC0AA56,连接器,新导入连接器产品 - 1011-026-0205
104257-4,信都数字科技（上海）有限公司,0.6,4500,NEW-CONN-09010556-DE8963EA,连接器,新导入连接器产品 - 104257-4
1-1318118-6,信都数字科技（上海）有限公司,1.32348,6800,NEW-CONN-09010556-300F2FEA,连接器,新导入连接器产品 - 1-1318118-6
1-1318119-4,信都数字科技（上海）有限公司,1.31448,20291,NEW-CONN-09010556-4CCD36D0,连接器,新导入连接器产品 - 1-1318119-4
1-1318120-3,信都数字科技（上海）有限公司,1.80288,50,NEW-CONN-09010556-180AE336,连接器,新导入连接器产品 - 1-1318120-3
114017-ZZ,信都数字科技（上海）有限公司,0.14016,5000,NEW-CONN-09010556-E4596C39,连接器,新导入连接器产品 - 114017-ZZ
1-174921-1,信都数字科技（上海）有限公司,1.90116,1000,NEW-CONN-09010556-50EDC6F4,连接器,新导入连接器产品 - 1-174921-1
1-174923-1,信都数字科技（上海）有限公司,1.68864,1600,NEW-CONN-09010556-736B398D,连接器,新导入连接器产品 - 1-174923-1
1-174931-1,信都数字科技（上海）有限公司,2.3814,200,NEW-CONN-09010556-81BD2165,连接器,新导入连接器产品 - 1-174931-1
1-174936-1,信都数字科技（上海）有限公司,3.2424,400,NEW-CONN-09010556-32FE7C44,连接器,新导入连接器产品 - 1-174936-1
1-177648-3,信都数字科技（上海）有限公司,1.50024,1066,NEW-CONN-09010556-4D7B0E1A,连接器,新导入连接器产品 - 1-177648-3
1-178128-4,信都数字科技（上海）有限公司,1.51524,93,NEW-CONN-09010556-484AA6F5,连接器,新导入连接器产品 - 1-178128-4
1-179552-2,信都数字科技（上海）有限公司,2.16096,4750,NEW-CONN-09010556-733307CA,连接器,新导入连接器产品 - 1-179552-2
1-179552-3,信都数字科技（上海）有限公司,1.827,400,NEW-CONN-09010556-13978F39,连接器,新导入连接器产品 - 1-179552-3
1-179552-4,信都数字科技（上海）有限公司,2.54868,10,NEW-CONN-09010556-ED914026,连接器,新导入连接器产品 - 1-179552-4
1-179554-3,信都数字科技（上海）有限公司,2.85972,700,NEW-CONN-09010556-0C5BAE9C,连接器,新导入连接器产品 - 1-179554-3
1-179554-6,信都数字科技（上海）有限公司,3.19788,770,NEW-CONN-09010556-84FF9812,连接器,新导入连接器产品 - 1-179554-6
1-1827864-4,信都数字科技（上海）有限公司,1.35924,98,NEW-CONN-09010556-6232DEBC,连接器,新导入连接器产品 - 1-1827864-4
1-1827864-6,信都数字科技（上海）有限公司,1.82688,150,NEW-CONN-09010556-893FEE8C,连接器,新导入连接器产品 - 1-1827864-6
1-1827873-5,信都数字科技（上海）有限公司,7.4184,17,NEW-CONN-09010556-9670265F,连接器,新导入连接器产品 - 1-1827873-5
1-2177909-1,信都数字科技（上海）有限公司,0.09696,17000,NEW-CONN-09010556-F3441463,连接器,新导入连接器产品 - 1-2177909-1
1-2329463-5,信都数字科技（上海）有限公司,15.48,350,NEW-CONN-09010556-0484A309,连接器,新导入连接器产品 - 1-2329463-5
1-2840575-2,信都数字科技（上海）有限公司,18.0,2,NEW-CONN-09010556-68AF3BBC,连接器,新导入连接器产品 - 1-2840575-2
1-316081-2,信都数字科技（上海）有限公司,9.48,900,NEW-CONN-09010556-F346814E,连接器,新导入连接器产品 - 1-316081-2
1318123-1,信都数字科技（上海）有限公司,2.7996,281,NEW-CONN-09010556-8AAA8ED9,连接器,新导入连接器产品 - 1318123-1
1318774-1,信都数字科技（上海）有限公司,1.188,2500,NEW-CONN-09010556-18BC89FA,连接器,新导入连接器产品 - 1318774-1
1376136-1,信都数字科技（上海）有限公司,5.1912,924,NEW-CONN-09010556-39B48493,连接器,新导入连接器产品 - 1376136-1
1379218-1,信都数字科技（上海）有限公司,0.9312,2500,NEW-CONN-09010556-AF9B088A,连接器,新导入连接器产品 - 1379218-1
1-480698-0,信都数字科技（上海）有限公司,0.28524,1333,NEW-CONN-09010556-ACA67287,连接器,新导入连接器产品 - 1-480698-0
1-480699-0,信都数字科技（上海）有限公司,0.30456,60,NEW-CONN-09010556-599BB5AC,连接器,新导入连接器产品 - 1-480699-0
1-480700-0,信都数字科技（上海）有限公司,0.39144,4684,NEW-CONN-09010556-4AB710BE,连接器,新导入连接器产品 - 1-480700-0
1-480701-0,信都数字科技（上海）有限公司,0.408,7192,NEW-CONN-09010556-169259AB,连接器,新导入连接器产品 - 1-480701-0
1-480702-0,信都数字科技（上海）有限公司,0.3276,3081,NEW-CONN-09010556-B4C5F535,连接器,新导入连接器产品 - 1-480702-0
1-480703-0,信都数字科技（上海）有限公司,0.3906,1101,NEW-CONN-09010556-0D3C0DF7,连接器,新导入连接器产品 - 1-480703-0
1-480706-0,信都数字科技（上海）有限公司,0.534,5410,NEW-CONN-09010556-18937D95,连接器,新导入连接器产品 - 1-480706-0
1-480708-0,信都数字科技（上海）有限公司,0.7056,500,NEW-CONN-09010556-34A9A06D,连接器,新导入连接器产品 - 1-480708-0
1-480709-0,信都数字科技（上海）有限公司,0.756,15,NEW-CONN-09010556-B4D835DD,连接器,新导入连接器产品 - 1-480709-0
1-480710-0,信都数字科技（上海）有限公司,1.071,381,NEW-CONN-09010556-BD9BFC50,连接器,新导入连接器产品 - 1-480710-0
1-480711-0,信都数字科技（上海）有限公司,1.1466,1,NEW-CONN-09010556-0ECCC68C,连接器,新导入连接器产品 - 1-480711-0
1-480763-0,信都数字科技（上海）有限公司,0.68676,1537,NEW-CONN-09010556-175CD839,连接器,新导入连接器产品 - 1-480763-0
151049-2209,信都数字科技（上海）有限公司,0.3558,16000,NEW-CONN-09010556-F5786537,连接器,新导入连接器产品 - 151049-2209
15324229,信都数字科技（上海）有限公司,1.68,4,NEW-CONN-09010556-E6EE0334,连接器,新导入连接器产品 - 15324229
15495811,信都数字科技（上海）有限公司,1.176,4000,NEW-CONN-09010556-A8CDCD4C,连接器,新导入连接器产品 - 15495811
171358-1,信都数字科技（上海）有限公司,2.52,500,NEW-CONN-09010556-0F8C70EF,连接器,新导入连接器产品 - 171358-1
171809-1,信都数字科技（上海）有限公司,0.24,8000,NEW-CONN-09010556-EF86D2EF,连接器,新导入连接器产品 - 171809-1
171892-1,信都数字科技（上海）有限公司,2.1024,1000,NEW-CONN-09010556-6F83F9C8,连接器,新导入连接器产品 - 171892-1
172024-1,信都数字科技（上海）有限公司,2.12064,1200,NEW-CONN-09010556-DA7DBE88,连接器,新导入连接器产品 - 172024-1
172044-1,信都数字科技（上海）有限公司,3.774,200,NEW-CONN-09010556-8F0DBF46,连接器,新导入连接器产品 - 172044-1
178289-5,信都数字科技（上海）有限公司,1.3314,59,NEW-CONN-09010556-8C73A210,连接器,新导入连接器产品 - 178289-5
178289-6,信都数字科技（上海）有限公司,1.77312,9050,NEW-CONN-09010556-373FA1A6,连接器,新导入连接器产品 - 178289-6
178289-8,信都数字科技（上海）有限公司,2.76576,230,NEW-CONN-09010556-26090738,连接器,新导入连接器产品 - 178289-8
178803-3,信都数字科技（上海）有限公司,2.10516,12750,NEW-CONN-09010556-2727AA5D,连接器,新导入连接器产品 - 178803-3
178803-7,信都数字科技（上海）有限公司,11.616,180,NEW-CONN-09010556-46E3FA06,连接器,新导入连接器产品 - 178803-7
178803-8,信都数字科技（上海）有限公司,3.66,200,NEW-CONN-09010556-5B3068A4,连接器,新导入连接器产品 - 178803-8
178964-3,信都数字科技（上海）有限公司,2.1672,8400,NEW-CONN-09010556-39F61C3D,连接器,新导入连接器产品 - 178964-3
178964-4,信都数字科技（上海）有限公司,5.09928,24,NEW-CONN-09010556-CAA1616B,连接器,新导入连接器产品 - 178964-4
178964-5,信都数字科技（上海）有限公司,2.184,2000,NEW-CONN-09010556-029A6B7F,连接器,新导入连接器产品 - 178964-5
178964-7,信都数字科技（上海）有限公司,2.16,1100,NEW-CONN-09010556-6B85A115,连接器,新导入连接器产品 - 178964-7
179464-6,信都数字科技（上海）有限公司,0.396,3200,NEW-CONN-09010556-6593C0B1,连接器,新导入连接器产品 - 179464-6
179956-6,信都数字科技（上海）有限公司,4.83492,1200,NEW-CONN-09010556-BD1D4962,连接器,新导入连接器产品 - 179956-6
1903122-1,信都数字科技（上海）有限公司,0.35388,17000,NEW-CONN-09010556-3F1B324D,连接器,新导入连接器产品 - 1903122-1
2278706-8,信都数字科技（上海）有限公司,1.1304,450,NEW-CONN-09010556-08387975,连接器,新导入连接器产品 - 2278706-8
2329592-1,信都数字科技（上海）有限公司,1.0008,1000,NEW-CONN-09010556-98348FF2,连接器,新导入连接器产品 - 2329592-1
2378527-1,信都数字科技（上海）有限公司,3.74868,2,NEW-CONN-09010556-68C691D9,连接器,新导入连接器产品 - 2378527-1
240PC023S4019,信都数字科技（上海）有限公司,1.092,80,NEW-CONN-09010556-A23E7798,连接器,新导入连接器产品 - 240PC023S4019
2434610V03,信都数字科技（上海）有限公司,0.05112,6000,NEW-CONN-09010556-3210A6DB,连接器,新导入连接器产品 - 2434610V03
3-1718643-1,信都数字科技（上海）有限公司,0.9624,2000,NEW-CONN-09010556-1D313CDE,连接器,新导入连接器产品 - 3-1718643-1
330123001,信都数字科技（上海）有限公司,0.189,5000,NEW-CONN-09010556-05F9FD15,连接器,新导入连接器产品 - 330123001
334820801,信都数字科技（上海）有限公司,2.63508,15,NEW-CONN-09010556-F7D749AE,连接器,新导入连接器产品 - 334820801
334821261,信都数字科技（上海）有限公司,3.18,13,NEW-CONN-09010556-4E7777D8,连接器,新导入连接器产品 - 334821261
334824801,信都数字科技（上海）有限公司,3.156,60,NEW-CONN-09010556-6E76D28F,连接器,新导入连接器产品 - 334824801
334826261,信都数字科技（上海）有限公司,2.82,30,NEW-CONN-09010556-468A344F,连接器,新导入连接器产品 - 334826261
350218-1,信都数字科技（上海）有限公司,0.08196,45000,NEW-CONN-09010556-22CA3A23,连接器,新导入连接器产品 - 350218-1
39012085,信都数字科技（上海）有限公司,0.38124,3500,NEW-CONN-09010556-B0C12E84,连接器,新导入连接器产品 - 39012085
39014033,信都数字科技（上海）有限公司,0.79968,5000,NEW-CONN-09010556-CD028048,连接器,新导入连接器产品 - 39014033
4-521097-2,信都数字科技（上海）有限公司,0.6936,20000,NEW-CONN-09010556-8B8436E5,连接器,新导入连接器产品 - 4-521097-2
0460-202-16141,信都数字科技（上海）有限公司,1.46652,5006,NEW-CONN-09010556-F6F30C64,连接器,新导入连接器产品 - 0460-202-16141
0462-201-16141,信都数字科技（上海）有限公司,1.79928,3341,NEW-CONN-09010556-E46CDA0D,连接器,新导入连接器产品 - 0462-201-16141
5023520200,信都数字科技（上海）有限公司,3.9996,50,NEW-CONN-09010556-44EC7AB5,连接器,新导入连接器产品 - 5023520200
5023520201,信都数字科技（上海）有限公司,4.212,50,NEW-CONN-09010556-6B977559,连接器,新导入连接器产品 - 5023520201
503728000,信都数字科技（上海）有限公司,0.02652,180000,NEW-CONN-09010556-82939A88,连接器,新导入连接器产品 - 503728000
505153-8000,信都数字科技（上海）有限公司,0.048,1200000,NEW-CONN-09010556-EC439C40,连接器,新导入连接器产品 - 505153-8000
510650600,信都数字科技（上海）有限公司,0.15612,30000,NEW-CONN-09010556-63822042,连接器,新导入连接器产品 - 510650600
5-1418758-1,信都数字科技（上海）有限公司,0.189,81000,NEW-CONN-09010556-3F27CFDB,连接器,新导入连接器产品 - 5-1418758-1
5-160433-6,信都数字科技（上海）有限公司,0.3264,32000,NEW-CONN-09010556-8B2D51D6,连接器,新导入连接器产品 - 5-160433-6
61794-1,信都数字科技（上海）有限公司,0.087,9000,NEW-CONN-09010556-872A152F,连接器,新导入连接器产品 - 61794-1
6181-0070,信都数字科技（上海）有限公司,2.142,100,NEW-CONN-09010556-F5917E8D,连接器,新导入连接器产品 - 6181-0070
62306-2,信都数字科技（上海）有限公司,0.072,30000,NEW-CONN-09010556-1F126A95,连接器,新导入连接器产品 - 62306-2
7114-4110-02,信都数字科技（上海）有限公司,0.228,25000,NEW-CONN-09010556-73D53428,连接器,新导入连接器产品 - 7114-4110-02
7157-7817-80,信都数字科技（上海）有限公司,0.8196,100,NEW-CONN-09010556-56CECED7,连接器,新导入连接器产品 - 7157-7817-80
7187-8854,信都数字科技（上海）有限公司,0.6,380,NEW-CONN-09010556-FEFF815C,连接器,新导入连接器产品 - 7187-8854
7282-6444-70,信都数字科技（上海）有限公司,2.76108,100,NEW-CONN-09010556-D9FA27F6,连接器,新导入连接器产品 - 7282-6444-70
7283-2148-30,信都数字科技（上海）有限公司,2.844,800,NEW-CONN-09010556-45499F56,连接器,新导入连接器产品 - 7283-2148-30
926526-1,信都数字科技（上海）有限公司,1.20672,1408,NEW-CONN-09010556-AC309282,连接器,新导入连接器产品 - 926526-1
09-50-8121,信都数字科技（上海）有限公司,1.98072,351,NEW-CONN-09010556-3509463B,连接器,新导入连接器产品 - 09-50-8121
967542-2,信都数字科技（上海）有限公司,0.888,8000,NEW-CONN-09010556-8981E92E,连接器,新导入连接器产品 - 967542-2
A3963H-4P,信都数字科技（上海）有限公司,0.10008,60000,NEW-CONN-09010556-6785DF48,连接器,新导入连接器产品 - A3963H-4P
A3963-TP,信都数字科技（上海）有限公司,0.06912,3660,NEW-CONN-09010556-2B3A37A8,连接器,新导入连接器产品 - A3963-TP
AN010860C00R1700,信都数字科技（上海）有限公司,2.4876,1700,NEW-CONN-09010556-41E4A71E,连接器,新导入连接器产品 - AN010860C00R1700
AN01ML27M00R2400,信都数字科技（上海）有限公司,1.98948,2400,NEW-CONN-09010556-F4DC77DE,连接器,新导入连接器产品 - AN01ML27M00R2400
AN02ML27M00R400,信都数字科技（上海）有限公司,3.97896,400,NEW-CONN-09010556-3B014F81,连接器,新导入连接器产品 - AN02ML27M00R400
B4P-VH-BK,信都数字科技（上海）有限公司,0.636,500,NEW-CONN-09010556-3A1A9A47,连接器,新导入连接器产品 - B4P-VH-BK
BU03P-TZ-S(LF)(SN),信都数字科技（上海）有限公司,0.72,3500,NEW-CONN-09010556-28964221,连接器,新导入连接器产品 - BU03P-TZ-S(LF)(SN)
BU06P-TZ-S(LF)(SN),信都数字科技（上海）有限公司,1.44,2000,NEW-CONN-09010556-C92F7CD1,连接器,新导入连接器产品 - BU06P-TZ-S(LF)(SN)
C3881-MA07-P1-P1-L500-1A,信都数字科技（上海）有限公司,104.04588,36,NEW-CONN-09010556-A6D4C4B8,连接器,新导入连接器产品 - C3881-MA07-P1-P1-L500-1A
C3881-MA07S024XD1-A1,信都数字科技（上海）有限公司,27.48912,15,NEW-CONN-09010556-17918AB2,连接器,新导入连接器产品 - C3881-MA07S024XD1-A1
C3881-MB01S12K4F1-EP,信都数字科技（上海）有限公司,0.08604,6876,NEW-CONN-09010556-114031E7,连接器,新导入连接器产品 - C3881-MB01S12K4F1-EP
C3881-MX79C-MX49A-F1-MH-L95-3,信都数字科技（上海）有限公司,24.39312,2,NEW-CONN-09010556-35D498F8,连接器,新导入连接器产品 - C3881-MX79C-MX49A-F1-MH-L95-3
C3881-MX81A004NF2-B,信都数字科技（上海）有限公司,3.13896,1000,NEW-CONN-09010556-CF41AD6D,连接器,新导入连接器产品 - C3881-MX81A004NF2-B
C3881-MY05A010S1-A,信都数字科技（上海）有限公司,9.4758,50,NEW-CONN-09010556-7FFB796A,连接器,新导入连接器产品 - C3881-MY05A010S1-A
C7284-MX19A-2S-RING-1,信都数字科技（上海）有限公司,0.11352,1800,NEW-CONN-09010556-BB41A3A2,连接器,新导入连接器产品 - C7284-MX19A-2S-RING-1
DF02D014B22,信都数字科技（上海）有限公司,10.9512,2,NEW-CONN-09010556-222E7F1E,连接器,新导入连接器产品 - DF02D014B22
DF02D026A22,信都数字科技（上海）有限公司,13.51092,500,NEW-CONN-09010556-5776845A,连接器,新导入连接器产品 - DF02D026A22
DF02P026F22A1,信都数字科技（上海）有限公司,5.34624,500,NEW-CONN-09010556-DA774BE4,连接器,新导入连接器产品 - DF02P026F22A1
DF02R026NA3,信都数字科技（上海）有限公司,6.1758,500,NEW-CONN-09010556-0C8F3B59,连接器,新导入连接器产品 - DF02R026NA3
DF50-2830SCFA,信都数字科技（上海）有限公司,0.05304,30000,NEW-CONN-09010556-5F87A2D8,连接器,新导入连接器产品 - DF50-2830SCFA
DRC26-24SA,信都数字科技（上海）有限公司,77.868,5,NEW-CONN-09010556-FF25020C,连接器,新导入连接器产品 - DRC26-24SA
DRC26-40SA,信都数字科技（上海）有限公司,96.0,35,NEW-CONN-09010556-C21974B1,连接器,新导入连接器产品 - DRC26-40SA
DR-SC24-1-7000,信都数字科技（上海）有限公司,0.3042,7000,NEW-CONN-09010556-A98140D1,连接器,新导入连接器产品 - DR-SC24-1-7000
DT04-08PA,信都数字科技（上海）有限公司,9.86328,900,NEW-CONN-09010556-3268F3EC,连接器,新导入连接器产品 - DT04-08PA
DT04-12PA,信都数字科技（上海）有限公司,12.39816,100,NEW-CONN-09010556-4B7C1A81,连接器,新导入连接器产品 - DT04-12PA
DT04-2P,信都数字科技（上海）有限公司,1.97268,900,NEW-CONN-09010556-E0DCEDE4,连接器,新导入连接器产品 - DT04-2P
DT04-4P,信都数字科技（上海）有限公司,4.3476,200,NEW-CONN-09010556-09389E66,连接器,新导入连接器产品 - DT04-4P
DT06-08SA,信都数字科技（上海）有限公司,9.96708,650,NEW-CONN-09010556-E69D8C9F,连接器,新导入连接器产品 - DT06-08SA
DT06-12SA,信都数字科技（上海）有限公司,13.07952,100,NEW-CONN-09010556-4B03BBFD,连接器,新导入连接器产品 - DT06-12SA
DT06-2S,信都数字科技（上海）有限公司,2.898,205,NEW-CONN-09010556-5913F33B,连接器,新导入连接器产品 - DT06-2S
DT06-2S-EP06,信都数字科技（上海）有限公司,3.348,40,NEW-CONN-09010556-61568831,连接器,新导入连接器产品 - DT06-2S-EP06
DT06-4S,信都数字科技（上海）有限公司,4.41252,89,NEW-CONN-09010556-E510D4AF,连接器,新导入连接器产品 - DT06-4S
DT06-6S,信都数字科技（上海）有限公司,7.65708,104,NEW-CONN-09010556-CB5AB2D3,连接器,新导入连接器产品 - DT06-6S
DTM04-12PA,信都数字科技（上海）有限公司,14.5464,2,NEW-CONN-09010556-78A3B1FD,连接器,新导入连接器产品 - DTM04-12PA
DTM06-2S,信都数字科技（上海）有限公司,16.9884,20,NEW-CONN-09010556-287BD175,连接器,新导入连接器产品 - DTM06-2S
DTM06-4S,信都数字科技（上海）有限公司,4.4676,17,NEW-CONN-09010556-276A1006,连接器,新导入连接器产品 - DTM06-4S
DTM06-6S,信都数字科技（上海）有限公司,6.993,2,NEW-CONN-09010556-E953455B,连接器,新导入连接器产品 - DTM06-6S
DTP04-4P-L012,信都数字科技（上海）有限公司,32.61348,17,NEW-CONN-09010556-BEDAFA67,连接器,新导入连接器产品 - DTP04-4P-L012
DTP06-2S,信都数字科技（上海）有限公司,8.904,62,NEW-CONN-09010556-A1D4BAB8,连接器,新导入连接器产品 - DTP06-2S
DW200N08H1,信都数字科技（上海）有限公司,3.2712,200,NEW-CONN-09010556-984A3BA8,连接器,新导入连接器产品 - DW200N08H1
DX07S024JJ1R1300,信都数字科技（上海）有限公司,3.1104,300,NEW-CONN-09010556-89105B77,连接器,新导入连接器产品 - DX07S024JJ1R1300
DZ14S019NK1,信都数字科技（上海）有限公司,45.81816,5720,NEW-CONN-09010556-21F9FB7F,连接器,新导入连接器产品 - DZ14S019NK1
DZ14S019NK2,信都数字科技（上海）有限公司,45.81816,5500,NEW-CONN-09010556-5213F89F,连接器,新导入连接器产品 - DZ14S019NK2
FI-J35S-VF15N-R3000,信都数字科技（上海）有限公司,5.18472,69000,NEW-CONN-09010556-340289E8,连接器,新导入连接器产品 - FI-J35S-VF15N-R3000
FI-JW34S-VF16-R3000,信都数字科技（上海）有限公司,3.5652,21000,NEW-CONN-09010556-05ECD85D,连接器,新导入连接器产品 - FI-JW34S-VF16-R3000
FI-RC3-1A-1E-15000,信都数字科技（上海）有限公司,0.04812,120000,NEW-CONN-09010556-26176499,连接器,新导入连接器产品 - FI-RC3-1A-1E-15000
FI-RE31HL,信都数字科技（上海）有限公司,2.8854,8000,NEW-CONN-09010556-9EC8FB9D,连接器,新导入连接器产品 - FI-RE31HL
FI-X30HL,信都数字科技（上海）有限公司,1.23036,20000,NEW-CONN-09010556-1C449E2C,连接器,新导入连接器产品 - FI-X30HL
FI-XC3B-1-15000,信都数字科技（上海）有限公司,0.04272,120000,NEW-CONN-09010556-66A002B7,连接器,新导入连接器产品 - FI-XC3B-1-15000
IL-AG5-10S-S3C1,信都数字科技（上海）有限公司,0.83016,3,NEW-CONN-09010556-8ADDCBA1,连接器,新导入连接器产品 - IL-AG5-10S-S3C1
IL-AG5-16S-D3C1-A,信都数字科技（上海）有限公司,1.52592,10,NEW-CONN-09010556-3A8F1320,连接器,新导入连接器产品 - IL-AG5-16S-D3C1-A
IL-AG5-22SK-D3C1-LB,信都数字科技（上海）有限公司,1.60308,800,NEW-CONN-09010556-2C48E71A,连接器,新导入连接器产品 - IL-AG5-22SK-D3C1-LB
IL-AG5-4P-S3T2,信都数字科技（上海）有限公司,4.14096,4,NEW-CONN-09010556-AF2F1144,连接器,新导入连接器产品 - IL-AG5-4P-S3T2
IL-AG5-4S-S3C1,信都数字科技（上海）有限公司,0.94404,2900,NEW-CONN-09010556-E8BDFC6F,连接器,新导入连接器产品 - IL-AG5-4S-S3C1
IL-AG5-5SK-S3C1-LB,信都数字科技（上海）有限公司,0.50484,3200,NEW-CONN-09010556-2E23486E,连接器,新导入连接器产品 - IL-AG5-5SK-S3C1-LB
IL-AG5-5S-S3C1,信都数字科技（上海）有限公司,0.60444,1400,NEW-CONN-09010556-2474AC47,连接器,新导入连接器产品 - IL-AG5-5S-S3C1
IL-AG5-6S-S3C1,信都数字科技（上海）有限公司,0.69348,20400,NEW-CONN-09010556-56C1FDDF,连接器,新导入连接器产品 - IL-AG5-6S-S3C1
IL-AG5-7P-S3C1,信都数字科技（上海）有限公司,4.01544,59,NEW-CONN-09010556-CF21070E,连接器,新导入连接器产品 - IL-AG5-7P-S3C1
IL-AG5-7P-S3L2,信都数字科技（上海）有限公司,2.62452,1194,NEW-CONN-09010556-529B8EB1,连接器,新导入连接器产品 - IL-AG5-7P-S3L2
IL-AG5-7S-S3C1,信都数字科技（上海）有限公司,0.61932,2400,NEW-CONN-09010556-99B480E7,连接器,新导入连接器产品 - IL-AG5-7S-S3C1
IL-AG5-C1-5000,信都数字科技（上海）有限公司,0.08892,90000,NEW-CONN-09010556-40E878A5,连接器,新导入连接器产品 - IL-AG5-C1-5000
IL-AG5-PC1-5000,信都数字科技（上海）有限公司,0.156,95000,NEW-CONN-09010556-45A847EF,连接器,新导入连接器产品 - IL-AG5-PC1-5000
IL-AG9-2P-S3C1,信都数字科技（上海）有限公司,0.7512,12000,NEW-CONN-09010556-5A8B8378,连接器,新导入连接器产品 - IL-AG9-2P-S3C1
IL-AG9-2S-S3C1,信都数字科技（上海）有限公司,0.681,15000,NEW-CONN-09010556-E15FA6A1,连接器,新导入连接器产品 - IL-AG9-2S-S3C1
IL-AG9-3P-S3C1,信都数字科技（上海）有限公司,1.56972,4500,NEW-CONN-09010556-3C89EEE1,连接器,新导入连接器产品 - IL-AG9-3P-S3C1
IL-AG9-3S-S3C1,信都数字科技（上海）有限公司,1.3884,3000,NEW-CONN-09010556-0517CDEC,连接器,新导入连接器产品 - IL-AG9-3S-S3C1
IL-G-7P-S3L2-SA,信都数字科技（上海）有限公司,1.59828,1120,NEW-CONN-09010556-A1A533F3,连接器,新导入连接器产品 - IL-G-7P-S3L2-SA
IL-Y-3S-S15C3,信都数字科技（上海）有限公司,0.2496,1000,NEW-CONN-09010556-D45D0855,连接器,新导入连接器产品 - IL-Y-3S-S15C3
JN1FS04FK2,信都数字科技（上海）有限公司,37.434,700,NEW-CONN-09010556-5DCE62C7,连接器,新导入连接器产品 - JN1FS04FK2
KW01HDRR01,信都数字科技（上海）有限公司,130.56516,6,NEW-CONN-09010556-99D8F5F9,连接器,新导入连接器产品 - KW01HDRR01
KW03GY10PDL0500E,信都数字科技（上海）有限公司,6795.77364,1,NEW-CONN-09010556-1D29F14F,连接器,新导入连接器产品 - KW03GY10PDL0500E
KW1CGY10PDL0500E,信都数字科技（上海）有限公司,3739.48044,2,NEW-CONN-09010556-4E86C812,连接器,新导入连接器产品 - KW1CGY10PDL0500E
LTST-C191TGKT-DD,信都数字科技（上海）有限公司,0.11184,10000,NEW-CONN-09010556-DA50A55A,连接器,新导入连接器产品 - LTST-C191TGKT-DD
LTST-C195KGJSKT,信都数字科技（上海）有限公司,0.1008,268000,NEW-CONN-09010556-C8D20735,连接器,新导入连接器产品 - LTST-C195KGJSKT
LTV-817S-TA1,信都数字科技（上海）有限公司,0.20928,1000,NEW-CONN-09010556-0277007D,连接器,新导入连接器产品 - LTV-817S-TA1
LY10-C1-5-10000,信都数字科技（上海）有限公司,0.07212,10000,NEW-CONN-09010556-969A8D99,连接器,新导入连接器产品 - LY10-C1-5-10000
M23S05K351,信都数字科技（上海）有限公司,0.14304,5000,NEW-CONN-09010556-06ED2278,连接器,新导入连接器产品 - M23S05K351
M34S75C4F1,信都数字科技（上海）有限公司,0.0714,90000,NEW-CONN-09010556-D17CD52F,连接器,新导入连接器产品 - M34S75C4F1
M34S75C4F3,信都数字科技（上海）有限公司,0.27396,90000,NEW-CONN-09010556-996E099C,连接器,新导入连接器产品 - M34S75C4F3
M36P08K4Q3,信都数字科技（上海）有限公司,0.48096,48000,NEW-CONN-09010556-4E1CBB6C,连接器,新导入连接器产品 - M36P08K4Q3
M58P04K2F1,信都数字科技（上海）有限公司,1.1406,4000,NEW-CONN-09010556-FA50ECA3,连接器,新导入连接器产品 - M58P04K2F1
MA01F100VABBR300,信都数字科技（上海）有限公司,7.81092,600,NEW-CONN-09010556-40BD5748,连接器,新导入连接器产品 - MA01F100VABBR300
MA01R100VABBR600,信都数字科技（上海）有限公司,6.444,565,NEW-CONN-09010556-2EA09316,连接器,新导入连接器产品 - MA01R100VABBR600
MG640187,信都数字科技（上海）有限公司,0.648,4000,NEW-CONN-09010556-FE32C9D6,连接器,新导入连接器产品 - MG640187
MM60-EZH059-B5-R650,信都数字科技（上海）有限公司,2.076,1950,NEW-CONN-09010556-57AEF5BB,连接器,新导入连接器产品 - MM60-EZH059-B5-R650
MS0265-2,信都数字科技（上海）有限公司,2.1624,1500,NEW-CONN-09010556-BFDA69CF,连接器,新导入连接器产品 - MS0265-2
MX19002P51,信都数字科技（上海）有限公司,1.1268,5,NEW-CONN-09010556-0B1DA882,连接器,新导入连接器产品 - MX19002P51
MX19002P52,信都数字科技（上海）有限公司,2.34324,39600,NEW-CONN-09010556-D94FA4FA,连接器,新导入连接器产品 - MX19002P52
MX19002S51,信都数字科技（上海）有限公司,2.52972,2800,NEW-CONN-09010556-84B4612B,连接器,新导入连接器产品 - MX19002S51
MX19004P51,信都数字科技（上海）有限公司,2.43276,4200,NEW-CONN-09010556-CD311E69,连接器,新导入连接器产品 - MX19004P51
MX19P10K451,信都数字科技（上海）有限公司,0.13464,20000,NEW-CONN-09010556-BDB91A63,连接器,新导入连接器产品 - MX19P10K451
MX19S10K451,信都数字科技（上海）有限公司,0.14136,70000,NEW-CONN-09010556-2C7A5609,连接器,新导入连接器产品 - MX19S10K451
MX23A12NF1,信都数字科技（上海）有限公司,7.032,400,NEW-CONN-09010556-1075F356,连接器,新导入连接器产品 - MX23A12NF1
MX23A18NF1,信都数字科技（上海）有限公司,7.16916,640,NEW-CONN-09010556-D481C7E1,连接器,新导入连接器产品 - MX23A18NF1
MX23A18SF1,信都数字科技（上海）有限公司,11.07528,600,NEW-CONN-09010556-C68CE772,连接器,新导入连接器产品 - MX23A18SF1
MX23A18XF1,信都数字科技（上海）有限公司,1.66128,5000,NEW-CONN-09010556-9E6F6C37,连接器,新导入连接器产品 - MX23A18XF1
MX23A26NF1,信都数字科技（上海）有限公司,9.54456,320,NEW-CONN-09010556-F9E2D4BA,连接器,新导入连接器产品 - MX23A26NF1
MX23A26SF1,信都数字科技（上海）有限公司,9.16572,1000,NEW-CONN-09010556-8EBCDCEA,连接器,新导入连接器产品 - MX23A26SF1
MX23A26XF1,信都数字科技（上海）有限公司,1.86,1500,NEW-CONN-09010556-1F645D13,连接器,新导入连接器产品 - MX23A26XF1
MX23A34XF1,信都数字科技（上海）有限公司,2.19144,1500,NEW-CONN-09010556-9819FA6D,连接器,新导入连接器产品 - MX23A34XF1
MX23A40NF1,信都数字科技（上海）有限公司,15.01116,18,NEW-CONN-09010556-C96FE96B,连接器,新导入连接器产品 - MX23A40NF1
MX31034SGA,信都数字科技（上海）有限公司,1.73376,380,NEW-CONN-09010556-A9AC7759,连接器,新导入连接器产品 - MX31034SGA
MX31035SGA,信都数字科技（上海）有限公司,2.02776,30,NEW-CONN-09010556-D24483CD,连接器,新导入连接器产品 - MX31035SGA
MX34003SF1,信都数字科技（上海）有限公司,0.98664,8100,NEW-CONN-09010556-6296FC1C,连接器,新导入连接器产品 - MX34003SF1
MX34007NF1,信都数字科技（上海）有限公司,4.164,745,NEW-CONN-09010556-FF57E912,连接器,新导入连接器产品 - MX34007NF1
MX34008SF4,信都数字科技（上海）有限公司,1.88352,2304,NEW-CONN-09010556-F5A754B1,连接器,新导入连接器产品 - MX34008SF4
MX34012PF1,信都数字科技（上海）有限公司,4.704,540,NEW-CONN-09010556-D7F5F951,连接器,新导入连接器产品 - MX34012PF1
MX34012SF1,信都数字科技（上海）有限公司,1.22676,1872,NEW-CONN-09010556-162B9509,连接器,新导入连接器产品 - MX34012SF1
MX34012SF8,信都数字科技（上海）有限公司,1.1856,936,NEW-CONN-09010556-608CE5A4,连接器,新导入连接器产品 - MX34012SF8
MX34012UF1,信都数字科技（上海）有限公司,3.072,1288,NEW-CONN-09010556-EF8EEF42,连接器,新导入连接器产品 - MX34012UF1
MX34014SFA,信都数字科技（上海）有限公司,2.0052,1728,NEW-CONN-09010556-EBB69FB8,连接器,新导入连接器产品 - MX34014SFA
MX34016NF1,信都数字科技（上海）有限公司,2.6088,7546,NEW-CONN-09010556-1C2A080F,连接器,新导入连接器产品 - MX34016NF1
MX34020PF1,信都数字科技（上海）有限公司,4.75908,720,NEW-CONN-09010556-2DA5A222,连接器,新导入连接器产品 - MX34020PF1
MX34020UF1,信都数字科技（上海）有限公司,3.42,1904,NEW-CONN-09010556-5E6F144B,连接器,新导入连接器产品 - MX34020UF1
MX34024PF1,信都数字科技（上海）有限公司,5.0916,5765,NEW-CONN-09010556-C26DDBC0,连接器,新导入连接器产品 - MX34024PF1
MX34024SF1,信都数字科技（上海）有限公司,1.422,2016,NEW-CONN-09010556-1510376C,连接器,新导入连接器产品 - MX34024SF1
MX34028UF2,信都数字科技（上海）有限公司,4.4712,3640,NEW-CONN-09010556-3F1738BA,连接器,新导入连接器产品 - MX34028UF2
MX34032NF2,信都数字科技（上海）有限公司,4.152,588,NEW-CONN-09010556-1B128F4F,连接器,新导入连接器产品 - MX34032NF2
MX34032NF4,信都数字科技（上海）有限公司,6.49692,588,NEW-CONN-09010556-97A3DB9A,连接器,新导入连接器产品 - MX34032NF4
MX34032PF2,信都数字科技（上海）有限公司,4.86,960,NEW-CONN-09010556-FCBC7501,连接器,新导入连接器产品 - MX34032PF2
MX34032SF1,信都数字科技（上海）有限公司,1.6194,1440,NEW-CONN-09010556-F7E49B1C,连接器,新导入连接器产品 - MX34032SF1
MX34032SF4,信都数字科技（上海）有限公司,4.08,4320,NEW-CONN-09010556-742C0D63,连接器,新导入连接器产品 - MX34032SF4
MX34036NF2,信都数字科技（上海）有限公司,6.31056,539,NEW-CONN-09010556-9820D610,连接器,新导入连接器产品 - MX34036NF2
MX34036SF4,信都数字科技（上海）有限公司,6.02604,30,NEW-CONN-09010556-BBFB561D,连接器,新导入连接器产品 - MX34036SF4
MX34040UF2,信都数字科技（上海）有限公司,7.1772,2574,NEW-CONN-09010556-A4178CFB,连接器,新导入连接器产品 - MX34040UF2
MX34C24SFA,信都数字科技（上海）有限公司,3.744,448,NEW-CONN-09010556-2396C13B,连接器,新导入连接器产品 - MX34C24SFA
MX34K16HF4T,信都数字科技（上海）有限公司,7.66404,48,NEW-CONN-09010556-8070F5F7,连接器,新导入连接器产品 - MX34K16HF4T
MX34K28HF4T,信都数字科技（上海）有限公司,6.72816,36,NEW-CONN-09010556-13E01238,连接器,新导入连接器产品 - MX34K28HF4T
MX34L32SFA,信都数字科技（上海）有限公司,9.20112,2400,NEW-CONN-09010556-9CECAEBB,连接器,新导入连接器产品 - MX34L32SFA
MX34M12SF1,信都数字科技（上海）有限公司,2.5704,31590,NEW-CONN-09010556-E1C27FDC,连接器,新导入连接器产品 - MX34M12SF1
MX34R12VF1A,信都数字科技（上海）有限公司,6.51756,1296,NEW-CONN-09010556-F8C9ED2F,连接器,新导入连接器产品 - MX34R12VF1A
MX34R16HF4T,信都数字科技（上海）有限公司,4.0734,5376,NEW-CONN-09010556-2FE5BC0C,连接器,新导入连接器产品 - MX34R16HF4T
MX34R36HF4T,信都数字科技（上海）有限公司,7.1286,9120,NEW-CONN-09010556-004D7598,连接器,新导入连接器产品 - MX34R36HF4T
MX36002PQ3,信都数字科技（上海）有限公司,4.3596,1300,NEW-CONN-09010556-C3305EC3,连接器,新导入连接器产品 - MX36002PQ3
MX36A02SQ2,信都数字科技（上海）有限公司,4.1244,40300,NEW-CONN-09010556-0C0D37DB,连接器,新导入连接器产品 - MX36A02SQ2
MX37X04SP3,信都数字科技（上海）有限公司,3.84,1250,NEW-CONN-09010556-20D67D06,连接器,新导入连接器产品 - MX37X04SP3
MX44000XP2,信都数字科技（上海）有限公司,0.52944,2000,NEW-CONN-09010556-B6B3AFC8,连接器,新导入连接器产品 - MX44000XP2
MX44006NF1,信都数字科技（上海）有限公司,7.97472,43,NEW-CONN-09010556-E64BF98F,连接器,新导入连接器产品 - MX44006NF1
MX45004S0013222,信都数字科技（上海）有限公司,55.68024,50,NEW-CONN-09010556-FD125B43,连接器,新导入连接器产品 - MX45004S0013222
MX49008NQ1,信都数字科技（上海）有限公司,10.13256,50,NEW-CONN-09010556-63F74B29,连接器,新导入连接器产品 - MX49008NQ1
MX77A004HF1,信都数字科技（上海）有限公司,4.97376,210,NEW-CONN-09010556-7DB442B6,连接器,新导入连接器产品 - MX77A004HF1
MX77A004SF1,信都数字科技（上海）有限公司,2.34372,2400,NEW-CONN-09010556-CCC3D411,连接器,新导入连接器产品 - MX77A004SF1
MX77A012HF1,信都数字科技（上海）有限公司,6.53472,212,NEW-CONN-09010556-7A067658,连接器,新导入连接器产品 - MX77A012HF1
MX77A012SF1,信都数字科技（上海）有限公司,2.991,30,NEW-CONN-09010556-439C4D9E,连接器,新导入连接器产品 - MX77A012SF1
MX77A020SF1,信都数字科技（上海）有限公司,3.2454,960,NEW-CONN-09010556-B655929B,连接器,新导入连接器产品 - MX77A020SF1
MX77A032SF1,信都数字科技（上海）有限公司,3.696,1440,NEW-CONN-09010556-0D2AEC7D,连接器,新导入连接器产品 - MX77A032SF1
MX77A040SF1,信都数字科技（上海）有限公司,3.993,600,NEW-CONN-09010556-AAC19684,连接器,新导入连接器产品 - MX77A040SF1
MX80S08K4F1,信都数字科技（上海）有限公司,0.11196,21600,NEW-CONN-09010556-E2E37859,连接器,新导入连接器产品 - MX80S08K4F1
MX84B007SF1,信都数字科技（上海）有限公司,0.945,90,NEW-CONN-09010556-50AB9452,连接器,新导入连接器产品 - MX84B007SF1
MX84B012NF1,信都数字科技（上海）有限公司,2.6082,3367,NEW-CONN-09010556-5DDDB96D,连接器,新导入连接器产品 - MX84B012NF1
MX84B012PF1,信都数字科技（上海）有限公司,3.15,1080,NEW-CONN-09010556-9EA702AC,连接器,新导入连接器产品 - MX84B012PF1
MX84B012SF1,信都数字科技（上海）有限公司,1.4574,936,NEW-CONN-09010556-80D8F2BD,连接器,新导入连接器产品 - MX84B012SF1
MX84B016NF1,信都数字科技（上海）有限公司,3.8346,11112,NEW-CONN-09010556-71D4967F,连接器,新导入连接器产品 - MX84B016NF1
MX84B020PF1,信都数字科技（上海）有限公司,4.49436,1440,NEW-CONN-09010556-33530369,连接器,新导入连接器产品 - MX84B020PF1
MX84B020SF1,信都数字科技（上海）有限公司,1.41372,10944,NEW-CONN-09010556-500E433A,连接器,新导入连接器产品 - MX84B020SF1
MX84B024NF1,信都数字科技（上海）有限公司,3.85788,11760,NEW-CONN-09010556-5FE1A7E2,连接器,新导入连接器产品 - MX84B024NF1
MX84B024SF1,信都数字科技（上海）有限公司,1.69764,504,NEW-CONN-09010556-2D88A41B,连接器,新导入连接器产品 - MX84B024SF1
MX84B024SF2,信都数字科技（上海）有限公司,2.07,4032,NEW-CONN-09010556-219974A6,连接器,新导入连接器产品 - MX84B024SF2
MX84B028NF1,信都数字科技（上海）有限公司,5.09076,15092,NEW-CONN-09010556-55D6E814,连接器,新导入连接器产品 - MX84B028NF1
MX84B028PF1,信都数字科技（上海）有限公司,4.70724,2126,NEW-CONN-09010556-E1F22266,连接器,新导入连接器产品 - MX84B028PF1
MX84B028SF1,信都数字科技（上海）有限公司,1.88928,432,NEW-CONN-09010556-64154A03,连接器,新导入连接器产品 - MX84B028SF1
MX84B028SF2,信都数字科技（上海）有限公司,2.36688,432,NEW-CONN-09010556-8CAA09D4,连接器,新导入连接器产品 - MX84B028SF2
MX84B028SF3,信都数字科技（上海）有限公司,2.12688,3456,NEW-CONN-09010556-DDEAF462,连接器,新导入连接器产品 - MX84B028SF3
MX84B028SF4,信都数字科技（上海）有限公司,2.2542,317,NEW-CONN-09010556-2D0D637B,连接器,新导入连接器产品 - MX84B028SF4
MX84B032NF1,信都数字科技（上海）有限公司,5.67228,32,NEW-CONN-09010556-B8CF6F13,连接器,新导入连接器产品 - MX84B032NF1
MX84B032SF1,信都数字科技（上海）有限公司,1.9752,360,NEW-CONN-09010556-BA96462D,连接器,新导入连接器产品 - MX84B032SF1
MX84B032SF2,信都数字科技（上海）有限公司,2.55336,720,NEW-CONN-09010556-0F37315F,连接器,新导入连接器产品 - MX84B032SF2
MX84B032SF3,信都数字科技（上海）有限公司,2.2554,24480,NEW-CONN-09010556-292113FE,连接器,新导入连接器产品 - MX84B032SF3
MX84B036NF1,信都数字科技（上海）有限公司,6.07776,14553,NEW-CONN-09010556-A7236C62,连接器,新导入连接器产品 - MX84B036NF1
MX84B036SF2,信都数字科技（上海）有限公司,2.622,360,NEW-CONN-09010556-9EACEF2E,连接器,新导入连接器产品 - MX84B036SF2
MX84B040NF1,信都数字科技（上海）有限公司,5.61948,13,NEW-CONN-09010556-26CC97D2,连接器,新导入连接器产品 - MX84B040NF1
MX84B040SF1,信都数字科技（上海）有限公司,2.31336,216,NEW-CONN-09010556-B801D8DC,连接器,新导入连接器产品 - MX84B040SF1
PHR-6,信都数字科技（上海）有限公司,0.04884,30000,NEW-CONN-09010556-308880E8,连接器,新导入连接器产品 - PHR-6
PS-16PE-D4LT1-M1E,信都数字科技（上海）有限公司,13.39284,200,NEW-CONN-09010556-04EC697E,连接器,新导入连接器产品 - PS-16PE-D4LT1-M1E
PTN2-10,信都数字科技（上海）有限公司,0.072,189,NEW-CONN-09010556-9B02C17E,连接器,新导入连接器产品 - PTN2-10
R22-12,信都数字科技（上海）有限公司,2.4,1000,NEW-CONN-09010556-C92CB7C1,连接器,新导入连接器产品 - R22-12
S02B-PASK-2(LF)(SN),信都数字科技（上海）有限公司,0.4038,7000,NEW-CONN-09010556-D1F3B55F,连接器,新导入连接器产品 - S02B-PASK-2(LF)(SN)
S3B-XH-A(LF)(SN),信都数字科技（上海）有限公司,0.36,2000,NEW-CONN-09010556-C3806201,连接器,新导入连接器产品 - S3B-XH-A(LF)(SN)
SF58S006VBBR2000,信都数字科技（上海）有限公司,2.69184,2000,NEW-CONN-09010556-522E9B4D,连接器,新导入连接器产品 - SF58S006VBBR2000
SF72S006VBDR2500,信都数字科技（上海）有限公司,1.79604,12500,NEW-CONN-09010556-F5C64435,连接器,新导入连接器产品 - SF72S006VBDR2500
SFPS-91T-250,信都数字科技（上海）有限公司,0.264,20000,NEW-CONN-09010556-A370673A,连接器,新导入连接器产品 - SFPS-91T-250
SIN-81T-3.6S,信都数字科技（上海）有限公司,0.1332,2000,NEW-CONN-09010556-11767A06,连接器,新导入连接器产品 - SIN-81T-3.6S
SMF-01T-1.0,信都数字科技（上海）有限公司,1.62,30000,NEW-CONN-09010556-4DCC6447,连接器,新导入连接器产品 - SMF-01T-1.0
SPA-001T-P0.5,信都数字科技（上海）有限公司,0.0672,680000,NEW-CONN-09010556-AAC20EE8,连接器,新导入连接器产品 - SPA-001T-P0.5
SPH-002T-P0.5L,信都数字科技（上海）有限公司,0.033,64000,NEW-CONN-09010556-6ADA64DF,连接器,新导入连接器产品 - SPH-002T-P0.5L
SPUD-002T-P0.5,信都数字科技（上海）有限公司,0.204,168000,NEW-CONN-09010556-A0FFE8D5,连接器,新导入连接器产品 - SPUD-002T-P0.5
SSH-003T-P0.2-H,信都数字科技（上海）有限公司,0.11796,69000,NEW-CONN-09010556-3EF7C080,连接器,新导入连接器产品 - SSH-003T-P0.2-H
SSHL-002T-P0.2,信都数字科技（上海）有限公司,0.07812,35000,NEW-CONN-09010556-5D2B7EE9,连接器,新导入连接器产品 - SSHL-002T-P0.2
SVF-01T-1.5A,信都数字科技（上海）有限公司,0.05736,30000,NEW-CONN-09010556-9F9F8311,连接器,新导入连接器产品 - SVF-01T-1.5A
SVH-21T-P1.1,信都数字科技（上海）有限公司,0.07104,4500,NEW-CONN-09010556-06B5A4AA,连接器,新导入连接器产品 - SVH-21T-P1.1
SYM-01T-P0.5A,信都数字科技（上海）有限公司,0.204,170000,NEW-CONN-09010556-D644DB21,连接器,新导入连接器产品 - SYM-01T-P0.5A
SYM-41T-P0.5A,信都数字科技（上海）有限公司,0.3,48000,NEW-CONN-09010556-889A1EF2,连接器,新导入连接器产品 - SYM-41T-P0.5A
T106K0603X5R160NKT,信都数字科技（上海）有限公司,0.24192,4000,NEW-CONN-09010556-2D4C8352,连接器,新导入连接器产品 - T106K0603X5R160NKT
TX24-80R-LT-H1E,信都数字科技（上海）有限公司,5.53056,396,NEW-CONN-09010556-2B591E49,连接器,新导入连接器产品 - TX24-80R-LT-H1E
TX25-100P-8ST-H1E,信都数字科技（上海）有限公司,15.58404,1,NEW-CONN-09010556-AB1C61F4,连接器,新导入连接器产品 - TX25-100P-8ST-H1E
W12P,信都数字科技（上海）有限公司,0.84852,7,NEW-CONN-09010556-C4FE66A1,连接器,新导入连接器产品 - W12P
W12S,信都数字科技（上海）有限公司,0.86196,100,NEW-CONN-09010556-74CC4E99,连接器,新导入连接器产品 - W12S
W12S-P012,信都数字科技（上海）有限公司,0.72384,91,NEW-CONN-09010556-C793872A,连接器,新导入连接器产品 - W12S-P012
W2P,信都数字科技（上海）有限公司,0.30876,300,NEW-CONN-09010556-C7C56C7F,连接器,新导入连接器产品 - W2P
W2S,信都数字科技（上海）有限公司,0.28356,17,NEW-CONN-09010556-71DAFEF5,连接器,新导入连接器产品 - W2S
W3P,信都数字科技（上海）有限公司,0.3894,34,NEW-CONN-09010556-C61418FC,连接器,新导入连接器产品 - W3P
W3S,信都数字科技（上海）有限公司,0.3828,9,NEW-CONN-09010556-DA6B8C5F,连接器,新导入连接器产品 - W3S
W3S-1939-P012,信都数字科技（上海）有限公司,1.21524,67,NEW-CONN-09010556-0520A35A,连接器,新导入连接器产品 - W3S-1939-P012
W4P,信都数字科技（上海）有限公司,0.41532,700,NEW-CONN-09010556-F0685871,连接器,新导入连接器产品 - W4P
W6P,信都数字科技（上海）有限公司,0.53856,100,NEW-CONN-09010556-CD83C037,连接器,新导入连接器产品 - W6P
W6S,信都数字科技（上海）有限公司,0.61644,108,NEW-CONN-09010556-3186431A,连接器,新导入连接器产品 - W6S
W8P,信都数字科技（上海）有限公司,0.597,900,NEW-CONN-09010556-8AC48337,连接器,新导入连接器产品 - W8P
W8S,信都数字科技（上海）有限公司,0.77868,906,NEW-CONN-09010556-9F6A1626,连接器,新导入连接器产品 - W8S
WM-12P,信都数字科技（上海）有限公司,0.88248,25,NEW-CONN-09010556-2584B4EB,连接器,新导入连接器产品 - WM-12P
WM-2S,信都数字科技（上海）有限公司,0.31968,3,NEW-CONN-09010556-E6A98A0C,连接器,新导入连接器产品 - WM-2S
WM6S,信都数字科技（上海）有限公司,0.7056,22,NEW-CONN-09010556-9F874AC4,连接器,新导入连接器产品 - WM6S
WP-2P,信都数字科技（上海）有限公司,0.6912,162,NEW-CONN-09010556-C5CF88BD,连接器,新导入连接器产品 - WP-2P
WP-2S,信都数字科技（上海）有限公司,0.636,56,NEW-CONN-09010556-3213363C,连接器,新导入连接器产品 - WP-2S
WP-4P,信都数字科技（上海）有限公司,0.86952,22,NEW-CONN-09010556-EADE17FF,连接器,新导入连接器产品 - WP-4P
YLS-01V,信都数字科技（上海）有限公司,0.16992,20000,NEW-CONN-09010556-600FB5E9,连接器,新导入连接器产品 - YLS-01V
ZHR-4,信都数字科技（上海）有限公司,0.0576,800,NEW-CONN-09010556-9ACA17D9,连接器,新导入连接器产品 - ZHR-4
